Workbook

Sheet 总览
A1: 目录级别 | B1: 大纲级别 | C1: 后续段落样式 | D1: 字体 | E1: 字号 | F1: 对齐方式 | G1: 缩进方式 | H1: 段前间距（磅） | I1: 段后间距（磅） | J1: 行距 | K1: 段前分页 | L1: 编号格式级别 | M1: 将级别链接到样式 | N1: 在其后重新开始编号 | O1: 快捷键
A2: 00正文文本 | B2: 正文文本 | C2: 正文文本 | D2: 宋体 | E2: 12（常规小四） | F2: 左对齐 | G2: 首行缩进2字符 | H2: 0 | I2: 0 | J2: 单倍行距 | K2: 否 | L2: 不设置 | M2: 不设置 | N2: 不设置 | O2: ALT+0
A3: 01标题 | B3: 1级 | C3: 正文文本 | D3: 黑体 | E3: 22（加粗二号） | F3: 居中对齐 | G3: 无 | H3: 12 | I3: 20 | J3: 单倍行距 | K3: 是 | L3: 不设置 | M3: 不设置 | N3: 不设置 | O3: 不设置
A4: 02章标题 | B4: 2级 | C4: 正文文本 | D4: 黑体 | E4: 18（常规小二） | F4: 左对齐 | G4: 无 | H4: 20 | I4: 5 | J4: 单倍行距 | K4: 是 | L4: 1 | M4: =A4 -> 02章标题 | N4: 不设置 | O4: ALT+1
A5: 03一级节标题 | B5: 3级 | C5: 正文文本 | D5: 黑体 | E5: 16（常规三号） | F5: 左对齐 | G5: 无 | H5: 10 | I5: 10 | J5: 单倍行距 | K5: 否 | L5: 2 | M5: =A5 -> 03一级节标题 | N5: =M4 -> 02章标题 | O5: ALT+2
A6: 04二级节标题 | B6: 4级 | C6: 正文文本 | D6: 黑体 | E6: 14（常规四号） | F6: 左对齐 | G6: 无 | H6: 0 | I6: 0 | J6: 单倍行距 | K6: 否 | L6: 3 | M6: =A6 -> 04二级节标题 | N6: =M5 -> 03一级节标题 | O6: ALT+3
A7: 05三级节标题 | B7: 5级 | C7: 正文文本 | D7: 黑体 | E7: 12（常规小四） | F7: 左对齐 | G7: 无 | H7: 0 | I7: 0 | J7: 单倍行距 | K7: 否 | L7: 4 | M7: =A7 -> 05三级节标题 | N7: =M6 -> 04二级节标题 | O7: ALT+4
A8: 07符号文本 | B8: 正文文本 | C8: 符号文本 | D8: 宋体 | E8: 12（常规小四） | F8: 左对齐 | G8: 首行缩进2字符 | H8: 0 | I8: 0 | J8: 单倍行距 | K8: 否 | L8: 不设置 | M8: 不设置 | N8: 不设置 | O8: ALT+`

Sheet 基础样式设置
B2: =总览!A1 -> 目录级别 | C2: =总览!B1 -> 大纲级别 | D2: =总览!C1 -> 后续段落样式 | E2: 样式类型 | F2: 样式基于
B3: =总览!A2 -> 00正文文本 | C3: =总览!B2 -> 正文文本 | D3: =总览!C2 -> 正文文本 | E3: 段落 | F3: 正文
B4: =总览!A3 -> 01标题 | C4: =总览!B3 -> 1级 | D4: =总览!C3 -> 正文文本 | E4: 段落 | F4: 正文
B5: =总览!A4 -> 02章标题 | C5: =总览!B4 -> 2级 | D5: =总览!C4 -> 正文文本 | E5: 段落 | F5: 正文
B6: =总览!A5 -> 03一级节标题 | C6: =总览!B5 -> 3级 | D6: =总览!C5 -> 正文文本 | E6: 段落 | F6: 正文
B7: =总览!A6 -> 04二级节标题 | C7: =总览!B6 -> 4级 | D7: =总览!C6 -> 正文文本 | E7: 段落 | F7: 正文
B8: =总览!A7 -> 05三级节标题 | C8: =总览!B7 -> 5级 | D8: =总览!C7 -> 正文文本 | E8: 段落 | F8: 正文
B9: =总览!A8 -> 07符号文本 | C9: =总览!B8 -> 正文文本 | D9: =总览!C8 -> 符号文本 | E9: 段落 | F9: 正文

Sheet 字体设置
B2: =总览!A1 -> 目录级别 | C2: =总览!D1 -> 字体 | D2: =总览!E1 -> 字号
B3: =总览!A2 -> 00正文文本 | C3: =总览!D2 -> 宋体 | D3: =总览!E2 -> 12（常规小四）
B4: =总览!A3 -> 01标题 | C4: =总览!D3 -> 黑体 | D4: =总览!E3 -> 22（加粗二号）
B5: =总览!A4 -> 02章标题 | C5: =总览!D4 -> 黑体 | D5: =总览!E4 -> 18（常规小二）
B6: =总览!A5 -> 03一级节标题 | C6: =总览!D5 -> 黑体 | D6: =总览!E5 -> 16（常规三号）
B7: =总览!A6 -> 04二级节标题 | C7: =总览!D6 -> 黑体 | D7: =总览!E6 -> 14（常规四号）
B8: =总览!A7 -> 05三级节标题 | C8: =总览!D7 -> 黑体 | D8: =总览!E7 -> 12（常规小四）
B9: =总览!A8 -> 07符号文本 | C9: =总览!D8 -> 宋体 | D9: =总览!E8 -> 12（常规小四）

Sheet 段落设置
B2: =总览!A1 -> 目录级别 | C2: =总览!B1 -> 大纲级别 | D2: =总览!F1 -> 对齐方式 | E2: =总览!G1 -> 缩进方式 | F2: =总览!H1 -> 段前间距（磅） | G2: =总览!I1 -> 段后间距（磅） | H2: =总览!J1 -> 行距 | I2: =总览!K1 -> 段前分页
B3: =总览!A2 -> 00正文文本 | C3: =总览!B2 -> 正文文本 | D3: =总览!F2 -> 左对齐 | E3: =总览!G2 -> 首行缩进2字符 | F3: =总览!H2 -> 0 | G3: =总览!I2 -> 0 | H3: =总览!J2 -> 单倍行距 | I3: =总览!K2 -> 否
B4: =总览!A3 -> 01标题 | C4: =总览!B3 -> 1级 | D4: =总览!F3 -> 居中对齐 | E4: =总览!G3 -> 无 | F4: =总览!H3 -> 12 | G4: =总览!I3 -> 20 | H4: =总览!J3 -> 单倍行距 | I4: =总览!K3 -> 是
B5: =总览!A4 -> 02章标题 | C5: =总览!B4 -> 2级 | D5: =总览!F4 -> 左对齐 | E5: =总览!G4 -> 无 | F5: =总览!H4 -> 20 | G5: =总览!I4 -> 5 | H5: =总览!J4 -> 单倍行距 | I5: =总览!K4 -> 是
B6: =总览!A5 -> 03一级节标题 | C6: =总览!B5 -> 3级 | D6: =总览!F5 -> 左对齐 | E6: =总览!G5 -> 无 | F6: =总览!H5 -> 10 | G6: =总览!I5 -> 10 | H6: =总览!J5 -> 单倍行距 | I6: =总览!K5 -> 否
B7: =总览!A6 -> 04二级节标题 | C7: =总览!B6 -> 4级 | D7: =总览!F6 -> 左对齐 | E7: =总览!G6 -> 无 | F7: =总览!H6 -> 0 | G7: =总览!I6 -> 0 | H7: =总览!J6 -> 单倍行距 | I7: =总览!K6 -> 否
B8: =总览!A7 -> 05三级节标题 | C8: =总览!B7 -> 5级 | D8: =总览!F7 -> 左对齐 | E8: =总览!G7 -> 无 | F8: =总览!H7 -> 0 | G8: =总览!I7 -> 0 | H8: =总览!J7 -> 单倍行距 | I8: =总览!K7 -> 否
B9: =总览!A8 -> 07符号文本 | C9: =总览!B8 -> 正文文本 | D9: =总览!F8 -> 左对齐 | E9: =总览!G8 -> 首行缩进2字符 | F9: =总览!H8 -> 0 | G9: =总览!I8 -> 0 | H9: =总览!J8 -> 单倍行距 | I9: =总览!K8 -> 否

Sheet 编号设置
B2: =总览!A1 -> 目录级别 | C2: =总览!B1 -> 大纲级别 | D2: =总览!L1 -> 编号格式级别 | E2: =总览!M1 -> 将级别链接到样式 | F2: =总览!N1 -> 在其后重新开始编号
B3: =总览!A2 -> 00正文文本 | C3: =总览!B2 -> 正文文本 | D3: =总览!L2 -> 不设置 | E3: =总览!M2 -> 不设置 | F3: =总览!N2 -> 不设置
B4: =总览!A3 -> 01标题 | C4: =总览!B3 -> 1级 | D4: =总览!L3 -> 不设置 | E4: =总览!M3 -> 不设置 | F4: =总览!N3 -> 不设置
B5: =总览!A4 -> 02章标题 | C5: =总览!B4 -> 2级 | D5: =总览!L4 -> 1 | E5: =总览!M4 -> 02章标题 | F5: =总览!N4 -> 不设置
B6: =总览!A5 -> 03一级节标题 | C6: =总览!B5 -> 3级 | D6: =总览!L5 -> 2 | E6: =总览!M5 -> 03一级节标题 | F6: =总览!N5 -> 02章标题
B7: =总览!A6 -> 04二级节标题 | C7: =总览!B6 -> 4级 | D7: =总览!L6 -> 3 | E7: =总览!M6 -> 04二级节标题 | F7: =总览!N6 -> 03一级节标题
B8: =总览!A7 -> 05三级节标题 | C8: =总览!B7 -> 5级 | D8: =总览!L7 -> 4 | E8: =总览!M7 -> 05三级节标题 | F8: =总览!N7 -> 04二级节标题
B9: =总览!A8 -> 07符号文本 | C9: =总览!B8 -> 正文文本 | D9: =总览!L8 -> 不设置 | E9: =总览!M8 -> 不设置 | F9: =总览!N8 -> 不设置

Sheet 快捷键设置
B2: =总览!A1 -> 目录级别 | C2: =总览!O1 -> 快捷键
B3: =总览!A2 -> 00正文文本 | C3: =总览!O2 -> ALT+0
B4: =总览!A3 -> 01标题 | C4: =总览!O3 -> 不设置
B5: =总览!A4 -> 02章标题 | C5: =总览!O4 -> ALT+1
B6: =总览!A5 -> 03一级节标题 | C6: =总览!O5 -> ALT+2
B7: =总览!A6 -> 04二级节标题 | C7: =总览!O6 -> ALT+3
B8: =总览!A7 -> 05三级节标题 | C8: =总览!O7 -> ALT+4
B9: =总览!A8 -> 07符号文本 | C9: =总览!O8 -> ALT+`
